sample_id,tissue,time point,treatment response,patient_id,sample_title,gsm_id
18R649_0010,primary tumor (colorectum),post-treatment,non-PD,0001,POST-R-001,GSM5575333
18R654_0015,primary tumor (colorectum),pre-treatment,non-PD,0001,PAIR-R-001-pre,GSM5575334
18R669_0001,primary tumor (colorectum),post-treatment,non-PD,0002,POST-R-002,GSM5575336
18R670_0002,primary tumor (colorectum),pre-treatment,non-PD,0002,PAIR-R-002,GSM5575337
18R674_0006,primary tumor (colorectum),pre-treatment,unknown,0003,PAIR-R-003,GSM5575339
18R678_0010,primary tumor (colorectum),pre-treatment,non-PD,0001,PRE-R-001,GSM5575342
18R683_0015,primary tumor (colorectum),pre-treatment,non-PD,0004,PAIR-R-004,GSM5575343
18R694_0002,primary tumor (colorectum),post-treatment,non-PD,0004,POST-R-004,GSM5575347
18R699_0007,primary tumor (colorectum),pre-treatment,PD,0006,PAIR-R-006,GSM5575349
18R700_0008,primary tumor (colorectum),post-treatment,PD,0006,PAIR-R-006,GSM5575350
18R429_0009,primary tumor (colorectum),pre-treatment,non-PD,0002,PRE-R-002,GSM5575351
18R298_0010,primary tumor (colorectum),pre-treatment,non-PD,0004,PAIR-04,GSM5575356
18R647_0008,primary tumor (colorectum),pre-treatment,non-PD,0008,PAIR-R-008,GSM5575359
18R648_0009,primary tumor (colorectum),post-treatment,non-PD,0008,PAIR-R-008,GSM5575360
18R294_0001,primary tumor (colorectum),pre-treatment,unknown,0028,PAIR-28,GSM5575361
18R295_0003,primary tumor (colorectum),pre-treatment,unknown,0029,PAIR-29,GSM5575363
18R296_0008,primary tumor (colorectum),pre-treatment,unknown,0032,PAIR-32,GSM5575365
18R178_0022,primary tumor (colorectum),pre-treatment,PD,0006,PRE-R-006,GSM5575369
18R177_0021,primary tumor (colorectum),pre-treatment,unknown,0007,PRE-R-007,GSM5575370
18R299_0025,primary tumor (colorectum),pre-treatment,non-PD,0012,PAIR-R-012,GSM5575371
18R300_0027,primary tumor (colorectum),pre-treatment,PD,0013,PAIR-R-013,GSM5575373
18R659_0020,primary tumor (colorectum),post-treatment,non-PD,0010,POST-R-010,GSM5575375
18R661_0021,primary tumor (colorectum),post-treatment,non-PD,0011,POST-R-011,GSM5575376
18R301_0002,primary tumor (colorectum),pre-treatment,non-PD,0008,PRE-R-008,GSM5575377
18R302_0004,primary tumor (colorectum),pre-treatment,non-PD,0014,PAIR-R-014,GSM5575378
18R663_0027,primary tumor (colorectum),post-treatment,non-PD,0012,POST-R-012,GSM5575380
18R664_0001,primary tumor (colorectum),pre-treatment,non-PD,0015,PAIR-R-015,GSM5575381
18R307_0013,primary tumor (colorectum),pre-treatment,PD,0016,PAIR-R-016,GSM5575383
18R319_0014,primary tumor (colorectum),pre-treatment,unknown,0061,PAIR-61,GSM5575385
18R685_0018,primary tumor (colorectum),pre-treatment,unknown,0009,PRE-R-009,GSM5575387
18R642_0003,primary tumor (colorectum),pre-treatment,non-PD,0010,PRE-R-010,GSM5575388
18R645_0006,primary tumor (colorectum),pre-treatment,non-PD,0011,PRE-R-011,GSM5575389
18R653_0014,primary tumor (colorectum),post-treatment,PD,0013,POST-R-013,GSM5575390
18R432_0012,primary tumor (colorectum),pre-treatment,non-PD,0012,PRE-R-012,GSM5575391
18R434_0014,primary tumor (colorectum),pre-treatment,unknown,0018,PAIR-R-018,GSM5575392
18R460_0001,primary tumor (colorectum),pre-treatment,PD,0013,PRE-R-013,GSM5575394
18R695_0003,primary tumor (colorectum),pre-treatment,unknown,0019,PAIR-R-019,GSM5575395
18R473_0014,primary tumor (colorectum),pre-treatment,non-PD,0014,PRE-R-014,GSM5575397
18R443_0022,primary tumor (colorectum),pre-treatment,non-PD,0015,PRE-R-015,GSM5575398
18R436_0016,primary tumor (colorectum),pre-treatment,unknown,0017,PRE-R-017,GSM5575400
18R421_0001,primary tumor (colorectum),pre-treatment,unknown,0020,PRE-R-020,GSM5575403
18R463_0004,primary tumor (colorectum),pre-treatment,PD,0021,PRE-R-021,GSM5575404
18R472_0013,primary tumor (colorectum),pre-treatment,unknown,0022,PRE-R-022,GSM5575405
18R426_0006,primary tumor (colorectum),pre-treatment,unknown,0023,PRE-R-023,GSM5575406
18R427_0007,primary tumor (colorectum),pre-treatment,unknown,0024,PRE-R-024,GSM5575407
18R508_0011,primary tumor (colorectum),pre-treatment,non-PD,0015,PRE-15,GSM5575408
18R433_0013,primary tumor (colorectum),pre-treatment,unknown,0026,PRE-R-026,GSM5575409
18R435_0015,primary tumor (colorectum),pre-treatment,unknown,0027,PRE-R-027,GSM5575410
18R437_0018,primary tumor (colorectum),pre-treatment,unknown,0028,PRE-R-028,GSM5575411
18R449_0023,primary tumor (colorectum),pre-treatment,unknown,0029,PRE-R-029,GSM5575412
18R438_0019,primary tumor (colorectum),pre-treatment,unknown,0030,PRE-R-030,GSM5575413
18R440_0020,primary tumor (colorectum),pre-treatment,unknown,0031,PRE-R-031,GSM5575414
18R456_0002,primary tumor (colorectum),pre-treatment,unknown,0032,PRE-R-032,GSM5575415
18R457_0023,primary tumor (colorectum),pre-treatment,unknown,0033,PRE-R-033,GSM5575416
18R458_0025,primary tumor (colorectum),pre-treatment,unknown,0034,PRE-R-034,GSM5575417
18R459_0027,primary tumor (colorectum),pre-treatment,unknown,0035,PRE-R-035,GSM5575418
18R461_0002,primary tumor (colorectum),pre-treatment,unknown,0036,PRE-R-036,GSM5575419
18R462_0003,primary tumor (colorectum),pre-treatment,unknown,0037,PRE-R-037,GSM5575420
18R464_0005,primary tumor (colorectum),pre-treatment,unknown,0038,PRE-R-038,GSM5575421
18R468_0009,primary tumor (colorectum),pre-treatment,unknown,0040,PRE-R-040,GSM5575423
18R469_0010,primary tumor (colorectum),pre-treatment,unknown,0041,PRE-R-041,GSM5575424
18R470_0011,primary tumor (colorectum),pre-treatment,unknown,0042,PRE-R-042,GSM5575425
18R471_0012,primary tumor (colorectum),pre-treatment,unknown,0043,PRE-R-043,GSM5575426
18R474_0015,primary tumor (colorectum),pre-treatment,unknown,0044,PRE-R-044,GSM5575427
18R475_0016,primary tumor (colorectum),pre-treatment,unknown,0045,PRE-R-045,GSM5575428
18R476_0018,primary tumor (colorectum),pre-treatment,unknown,0046,PRE-R-046,GSM5575429
18R640_0001,primary tumor (colorectum),pre-treatment,unknown,0020,PAIR-R-020,GSM5575430
18R701_0009,primary tumor (colorectum),pre-treatment,unknown,0047,PRE-R-047,GSM5575432
18R478_0020,primary tumor (colorectum),pre-treatment,unknown,0048,PRE-R-048,GSM5575433
18R479_0021,primary tumor (colorectum),pre-treatment,unknown,0049,PRE-R-049,GSM5575434
18R480_0022,primary tumor (colorectum),pre-treatment,unknown,0050,PRE-R-050,GSM5575435
18R702_0010,primary tumor (colorectum),post-treatment,non-PD,0014,POST-R-014,GSM5575436
18R656_0018,primary tumor (colorectum),pre-treatment,PD,0021,PAIR-R-021,GSM5575437
18R657_0019,primary tumor (colorectum),post-treatment,PD,0021,PAIR-R-021,GSM5575438
18R673_0005,primary tumor (colorectum),post-treatment,non-PD,0015,POST-R-015,GSM5575439
18R465_0006,primary tumor (colorectum),post-treatment,PD,0016,POST-R-016,GSM5575440
18R454_0027,primary tumor (colorectum),pre-treatment,unknown,0051,PRE-R-051,GSM5575441
18R477_0019,primary tumor (colorectum),pre-treatment,unknown,0052,PRE-R-052,GSM5575442
18R507_0004,primary tumor (colorectum),pre-treatment,non-PD,0010,PRE-10,GSM5575443
18R428_0008,primary tumor (colorectum),pre-treatment,unknown,0054,PRE-R-054,GSM5575444
18R705_0013,primary tumor (colorectum),pre-treatment,unknown,0055,PRE-R-055,GSM5575445
